features,entropy_score
prevalence_6lag,0.41677184819604657
ndvi,0.21214811448217558
district_encoded,0.13485602659293586
population,0.10953351690186183
ipc,0.09692950423968001
month,0.029760989587300196
covid,0.0
