features,entropy_score
prevalence_6lag,0.41725065932575206
covid,0.0
ndvi,0.20839673875236625
ipc,0.10518719123039212
population,0.10829118942232566
month,0.029297796376738263
district_encoded,0.13157642489242566
